file_name,study_folder,column_name,data_type,num_unique_vals,pct_missing,value_min,value_max,sample_values,matched_keyword
Principal Dataset.csv,assessing-the-implementation-of-sexuality-education-policies-and-curricula-in-kenya-All-2026-05-12_0815,p408xo1,str,4,0.0,,,"['na', 'LESSON PLANNED SKIM OF WORK', 'PARTIAL WRITTEN ASSESMENT', 'STUDENT BASED EVALUATION']",plan
Student Dataset.csv,assessing-the-implementation-of-sexuality-education-policies-and-curricula-in-kenya-All-2026-05-12_0815,s602xo1,str,43,97.9,,,"['NO', 'CONFERENCES', 'HOME', 'RADIO', 'FAMILY DISCUSSIONS']",family
Student Dataset.csv,assessing-the-implementation-of-sexuality-education-policies-and-curricula-in-kenya-All-2026-05-12_0815,s8010,str,8,0.0,,,"[""I'm afraid to get pregnant/make someone pregnant"", ""I'm waiting until marriage"", 'na', ""I don't have a partner"", 'I want to avoid STIs/HIV']",preg
Student Dataset.csv,assessing-the-implementation-of-sexuality-education-policies-and-curricula-in-kenya-All-2026-05-12_0815,s8010o1,str,40,98.3,,,"[""I DIDN'T WANT ANYTHING TO ALTER MY STUDIES. E.G. EARLY PREGNANCY"", 'I HATE SEX', 'AM STILL YOUNG', 'AM STILL YOUNG FOR SEX', 'AM WAITING TO COMPLETE SCHOOL']",preg
Student Dataset.csv,assessing-the-implementation-of-sexuality-education-policies-and-curricula-in-kenya-All-2026-05-12_0815,s8013,str,1269,0.1,,,"['NO COMMENT', 'YOU SHOULD ALSO EDUCATE OUR PARENTS ON MATTERS REGARDING REPTRODUCTIVE HEALTH SO THAT THEY ALSO EDUCATE US YOU SHOULD ALSO ENCOURAGE STUDENTS NOT TO FEL INFERIOR BECAUSE THEY HAVE HIV/AIDS EDUCATE THEM ON HOW TO LIVE A HEALTHY LIFE', 'YES LIKE SHARING IDEAS WITH OUR RELATED FRIEND AND OUR GUIDANCE', 'I THINK THAT THOSE STUDENTS WITHPOOR BACKGROUND SUFFER FROM SEXUAL ABUSE AND YOU SHOULD SEEK AND TO THEM AND HELP THEM LEARN MORE ABOUT REPRODUCTIVE HEALTH, SEXUALITY OR HIV/AIDS', 'I WOULD APPRECIATE IF YOU COME TO OUR SCHOOL REGULARLY  I WOULD PRAY THAT YOU TOUCH OTHER STUDENTS OUTSIDE THERE']",side
Teacher Dataset.csv,assessing-the-implementation-of-sexuality-education-policies-and-curricula-in-kenya-All-2026-05-12_0815,t304xo1,str,7,0.0,,,"['na', 'provided by ngo for informative purpose', 'to enable students to pass their national examinations', 'help have lesson plan', 'to know where one has covered at the end of the term']",plan
Teacher Dataset.csv,assessing-the-implementation-of-sexuality-education-policies-and-curricula-in-kenya-All-2026-05-12_0815,t311,str,5,2.0,,,"['I emphasize that condoms can be an effective means of preventing STIs/HIV for sexually active people', ""I don't teach about condoms at all"", 'na', 'I emphasize that condoms are not effective in preventing STIs/HIV', 'I do not teach about the relationship between condoms and STIs or HIV']",condom
Teacher Dataset.csv,assessing-the-implementation-of-sexuality-education-policies-and-curricula-in-kenya-All-2026-05-12_0815,t314,str,6,0.0,,,"['I emphasize that contraceptives can be an effective means of preventing pregnancy for sexually active people', 'I do not teach about the contraceptives for preventing pregnancy', 'I emphasize that condoms are not effective in preventing pregnancy', ""I don't teach about contraceptives at all"", 'na']",contracep
Teacher Dataset.csv,assessing-the-implementation-of-sexuality-education-policies-and-curricula-in-kenya-All-2026-05-12_0815,t316,str,5,3.1,,,"['The best of many alternatives to help prevent STIs and pregnancy', 'One alternative to help prevent STIs and pregnancy', 'The only method/way to prevent STIs and pregnancy', ""I don't teach abstinence"", 'na']",method
Teacher Dataset.csv,assessing-the-implementation-of-sexuality-education-policies-and-curricula-in-kenya-All-2026-05-12_0815,t318,str,5,3.1,,,"['I do not teach about the role of condoms in pregnancy prevention', 'I emphasize that condoms alone are not effective in preventing pregnancy', 'I emphasize that condoms alone are an effective means of preventing pregnancy', ""I don't teach about condoms at all"", 'na']",condom
Teacher Dataset.csv,assessing-the-implementation-of-sexuality-education-policies-and-curricula-in-kenya-All-2026-05-12_0815,t321,str,5,0.0,,,"['I am not told anything', ""I am told to answer students' questions about contraception"", ""I am told to not answer  students' questions on contraception"", 'na', 'missing']",contracep
Teacher Dataset.csv,assessing-the-implementation-of-sexuality-education-policies-and-curricula-in-kenya-All-2026-05-12_0815,t402xo1,str,16,0.0,,,"['na', 'because of life dynamics', 'to get informed choice', 'it is not done adequately in other avenues', 'impact students with knowledge about contraceptive']",contracep
Teacher Dataset.csv,assessing-the-implementation-of-sexuality-education-policies-and-curricula-in-kenya-All-2026-05-12_0815,t407xo1,str,12,0.0,,,"['na', 'hold to prevent unwanted pregnancy', 'how to choose friends wisely', 'rh is about oneself', 'positive attitude']",preg
Teacher Dataset.csv,assessing-the-implementation-of-sexuality-education-policies-and-curricula-in-kenya-All-2026-05-12_0815,t409xo1,str,4,0.0,,,"['na', 'absentice', 'embarassed to demonstrate condom', 'practicability is less sufficient']",condom
Teacher Dataset.csv,assessing-the-implementation-of-sexuality-education-policies-and-curricula-in-kenya-All-2026-05-12_0815,t410xo1,str,6,0.0,,,"['whenever pregnant', 'na', 'yes, from students', 'financial assistance', 'missing']",preg
Teacher Dataset.csv,assessing-the-implementation-of-sexuality-education-policies-and-curricula-in-kenya-All-2026-05-12_0815,t414,str,5,0.0,,,"['During class', 'Outside of/after class', ""They don't ask questions"", 'na', 'missing']",side
AKU_baseline.csv,effect-of-engaging-cultural-institutions-and-culturally-sensitive-facility-based-delivery-on-maternal-and-newborn-health-service-utilization-in-garissa-All-2026-05-12_0803,q101a,str,5,0.0,,,"['Piped into residence/compound/ plot', 'Buying water from:Taps', 'Buying water from: Hawkers', 'Buying water from:Tanks', 'Public tap']",side
AKU_baseline.csv,effect-of-engaging-cultural-institutions-and-culturally-sensitive-facility-based-delivery-on-maternal-and-newborn-health-service-utilization-in-garissa-All-2026-05-12_0803,q109a,str,3,0.0,,,"['Open air/outside or small shade outside', 'Separate kitchen (distinct room)', 'Room also used for sleeping']",side
AKU_baseline.csv,effect-of-engaging-cultural-institutions-and-culturally-sensitive-facility-based-delivery-on-maternal-and-newborn-health-service-utilization-in-garissa-All-2026-05-12_0803,q205c,str,15,0.0,,,"['-999', 'For health purpose', 'Last time we had clan meeting.... family women we advised to deliver in the hospital at the expense of skilled nurses.', ' Imam leaders urged', 'They encourange women to deliver  at the hospital and they also emphazise on importance of immunization']",family
AKU_baseline.csv,effect-of-engaging-cultural-institutions-and-culturally-sensitive-facility-based-delivery-on-maternal-and-newborn-health-service-utilization-in-garissa-All-2026-05-12_0803,q407b,str,57,0.0,,,"['-999', 'The mother is pregnant', 'Currently Pregnant', ""I don't want to use"", 'I dont need it']",preg
AKU_baseline.csv,effect-of-engaging-cultural-institutions-and-culturally-sensitive-facility-based-delivery-on-maternal-and-newborn-health-service-utilization-in-garissa-All-2026-05-12_0803,q502aa,str,5,0.0,,,"['Doctor', 'Nurse', '-99', 'Clinical Oficer', 'Traditional Birth Attendant']",birth
AKU_baseline.csv,effect-of-engaging-cultural-institutions-and-culturally-sensitive-facility-based-delivery-on-maternal-and-newborn-health-service-utilization-in-garissa-All-2026-05-12_0803,q502cb,str,3,0.0,,,"['-999', ""I didn't go for antenatal visit"", 'I did not go for antenatal visist']",antenatal
AKU_baseline.csv,effect-of-engaging-cultural-institutions-and-culturally-sensitive-facility-based-delivery-on-maternal-and-newborn-health-service-utilization-in-garissa-All-2026-05-12_0803,q507b,str,2,0.0,,,"['-999', 'This is my first pregnancy']",preg
AKU_baseline.csv,effect-of-engaging-cultural-institutions-and-culturally-sensitive-facility-based-delivery-on-maternal-and-newborn-health-service-utilization-in-garissa-All-2026-05-12_0803,q513b,str,2,0.0,,,"['-999', 'This is my first pregnancy']",preg
AKU_endline.csv,effect-of-engaging-cultural-institutions-and-culturally-sensitive-facility-based-delivery-on-maternal-and-newborn-health-service-utilization-in-garissa-All-2026-05-12_0803,q404b,str,23,0.0,,,"['-999', 'Doesnt want it at all', 'Fearing of Side effect', 'Hard about its side effect', 'Heard it has effect']",side
AKU_endline.csv,effect-of-engaging-cultural-institutions-and-culturally-sensitive-facility-based-delivery-on-maternal-and-newborn-health-service-utilization-in-garissa-All-2026-05-12_0803,q407b,str,50,0.0,,,"['-999', 'Currently iam not married', 'Currently ian pregnant', 'Iam currently pregnant', 'Currently iam pregnant']",preg
AKU_endline.csv,effect-of-engaging-cultural-institutions-and-culturally-sensitive-facility-based-delivery-on-maternal-and-newborn-health-service-utilization-in-garissa-All-2026-05-12_0803,q502aa,str,5,0.0,,,"['Nurse', '-99', 'Clinical Oficer', 'Doctor', 'Traditional Birth Attendant']",birth
AKU_endline.csv,effect-of-engaging-cultural-institutions-and-culturally-sensitive-facility-based-delivery-on-maternal-and-newborn-health-service-utilization-in-garissa-All-2026-05-12_0803,q502ba,str,5,0.0,,,"['Nurse', 'Doctor', 'Clinical Oficer', '-99', 'Traditional Birth Attendant']",birth
AKU_endline.csv,effect-of-engaging-cultural-institutions-and-culturally-sensitive-facility-based-delivery-on-maternal-and-newborn-health-service-utilization-in-garissa-All-2026-05-12_0803,q502ca,str,5,0.0,,,"['Nurse', 'Doctor', 'Clinical Oficer', '-99', 'Traditional Birth Attendant']",birth
AKU_endline.csv,effect-of-engaging-cultural-institutions-and-culturally-sensitive-facility-based-delivery-on-maternal-and-newborn-health-service-utilization-in-garissa-All-2026-05-12_0803,q502da,str,5,0.0,,,"['Nurse', '-99', 'Doctor', 'Clinical Oficer', 'Traditional Birth Attendant']",birth
AKU_endline.csv,effect-of-engaging-cultural-institutions-and-culturally-sensitive-facility-based-delivery-on-maternal-and-newborn-health-service-utilization-in-garissa-All-2026-05-12_0803,q518b,str,4,0.0,,,"['-999', 'No checked', 'Private clinic', ""She's still pregnant""]",preg
AKU_endline.csv,effect-of-engaging-cultural-institutions-and-culturally-sensitive-facility-based-delivery-on-maternal-and-newborn-health-service-utilization-in-garissa-All-2026-05-12_0803,q705a_2,str,7,0.0,,,"['-99', 'Suspicion towards vaccines', 'No reason', 'Other (specify)', 'Away/No time off work/ business']",reason
AKU_endline.csv,effect-of-engaging-cultural-institutions-and-culturally-sensitive-facility-based-delivery-on-maternal-and-newborn-health-service-utilization-in-garissa-All-2026-05-12_0803,q705a_3,str,5,0.0,,,"['-99', 'No reason', 'Suspicion towards vaccines', 'Don’t Know', 'Not important/ignorance']",reason
AKU_endline.csv,effect-of-engaging-cultural-institutions-and-culturally-sensitive-facility-based-delivery-on-maternal-and-newborn-health-service-utilization-in-garissa-All-2026-05-12_0803,q101a,str,7,0.0,,,"['Piped into residence/compound/ plot', 'Buying water from:Tanks', 'Buying water from:Taps', 'Public tap', 'Buying water from: Hawkers']",side
AKU_endline.csv,effect-of-engaging-cultural-institutions-and-culturally-sensitive-facility-based-delivery-on-maternal-and-newborn-health-service-utilization-in-garissa-All-2026-05-12_0803,q106a,str,4,0.0,,,"['Cement', 'Polished wood/tiles/carpets', 'Rudimentary floor [Wood planks]', 'Natural floor [Earth/Mud/dung/sand]']",plan
AKU_endline.csv,effect-of-engaging-cultural-institutions-and-culturally-sensitive-facility-based-delivery-on-maternal-and-newborn-health-service-utilization-in-garissa-All-2026-05-12_0803,q109a,str,3,0.0,,,"['Separate kitchen (distinct room)', 'Open air/outside or small shade outside', 'Room also used for sleeping']",side
AKU_endline.csv,effect-of-engaging-cultural-institutions-and-culturally-sensitive-facility-based-delivery-on-maternal-and-newborn-health-service-utilization-in-garissa-All-2026-05-12_0803,comment,str,309,0.0,,,"['Nice', 'Good', 'I encourage the mother to attend all the four visits of ANC next time if she gets pregnant, i also encouraged her not to consider giving birth home as cultural sensitivity', '0773439058', 'The household responded positively and the interview ended well.']",side
MC_Baseline_final_ANON.csv,research-and-feasibility-study-to-explore-menstrual-practices-and-investigate-the-suitability-of-menstrual-cups-for-adolescent-girls-and-women-in-kenya-All-2026-05-12_0815,q1_23,str,5,0.0,,,"['Piped:into residence/compound/plot', 'Buy:taps', 'Piped:public tap', 'Buy:tanks', 'Buy:hawkers']",side
MC_Baseline_final_ANON.csv,research-and-feasibility-study-to-explore-menstrual-practices-and-investigate-the-suitability-of-menstrual-cups-for-adolescent-girls-and-women-in-kenya-All-2026-05-12_0815,q1_27,str,4,0.0,,,"['Piped:into residence/compound/plot', 'N/a', 'Buy:taps', 'Piped:public tap']",side
MC_Baseline_final_ANON.csv,research-and-feasibility-study-to-explore-menstrual-practices-and-investigate-the-suitability-of-menstrual-cups-for-adolescent-girls-and-women-in-kenya-All-2026-05-12_0815,q5_8,str,7,0.0,,,"['respondent', 'parent/guardian', 'other family member', 'N/a', 'partner/boyfirend']",family
MC_Baseline_final_ANON.csv,research-and-feasibility-study-to-explore-menstrual-practices-and-investigate-the-suitability-of-menstrual-cups-for-adolescent-girls-and-women-in-kenya-All-2026-05-12_0815,q5_9,str,6,0.0,,,"['respondent', 'N/a', 'Missing', 'Other', 'other family member']",family
MC_Baseline_final_ANON.csv,research-and-feasibility-study-to-explore-menstrual-practices-and-investigate-the-suitability-of-menstrual-cups-for-adolescent-girls-and-women-in-kenya-All-2026-05-12_0815,q6_2a,str,3,0.0,,,"['N/a', 'Female condoms', 'IUCD']",condom
MC_Baseline_final_ANON.csv,research-and-feasibility-study-to-explore-menstrual-practices-and-investigate-the-suitability-of-menstrual-cups-for-adolescent-girls-and-women-in-kenya-All-2026-05-12_0815,q6_3a,str,3,0.0,,,"['N/a', 'Female condoms', 'vaginal passerines']",condom
MC_Baseline_final_ANON.csv,research-and-feasibility-study-to-explore-menstrual-practices-and-investigate-the-suitability-of-menstrual-cups-for-adolescent-girls-and-women-in-kenya-All-2026-05-12_0815,q7_1bspy,str,4,0.0,,,"['N/a', 'interested to know more about the MC', 'hygienic compared to other methods', 'simple to use/doesnt leak']",method
MC_Endline_final_ANON.csv,research-and-feasibility-study-to-explore-menstrual-practices-and-investigate-the-suitability-of-menstrual-cups-for-adolescent-girls-and-women-in-kenya-All-2026-05-12_0815,q1_15,str,4,0.0,,,"['Piped:into residence/compound/plot', 'Buy:taps', 'Piped:public tap', 'Buy:hawkers']",side
MC_Endline_final_ANON.csv,research-and-feasibility-study-to-explore-menstrual-practices-and-investigate-the-suitability-of-menstrual-cups-for-adolescent-girls-and-women-in-kenya-All-2026-05-12_0815,q1_18,str,4,0.0,,,"['Piped:into residence/compound/plot', 'N/a', 'Buy:taps', 'Piped:public tap']",side
MC_Endline_final_ANON.csv,research-and-feasibility-study-to-explore-menstrual-practices-and-investigate-the-suitability-of-menstrual-cups-for-adolescent-girls-and-women-in-kenya-All-2026-05-12_0815,q4_4,str,7,0.0,,,"['5 menses', '6 menses', 'N/a', '4 menses', '7 menses']",menses
MC_Endline_final_ANON.csv,research-and-feasibility-study-to-explore-menstrual-practices-and-investigate-the-suitability-of-menstrual-cups-for-adolescent-girls-and-women-in-kenya-All-2026-05-12_0815,q4_6viiispy,str,8,0.0,,,"['N/a', 'Afraid to insert/pain', 'Problems removing MC', 'Fear it could get stuck inside', 'Insering is time-consuming']",side
Final_birth_data_ANON.csv,reversing-the-stall-in-fertility-decline-in-western-kenya-All-2026-05-12_0813,birth_id,float64,6846,5.6,1.0,8119.0,"[2837.0, 2838.0, 185.0, 182.0, 183.0]",birth
Final_hhld_data_ANON.csv,reversing-the-stall-in-fertility-decline-in-western-kenya-All-2026-05-12_0813,hh_q17,str,5,0.6,,,"['Traditional pit toilet (Wood plank floor)', 'No facility/ Bush/ Field', 'Slab pit latrine', 'Other', 'Flush toilet']",plan
Final_women_Data_ANON.csv,reversing-the-stall-in-fertility-decline-in-western-kenya-All-2026-05-12_0813,q239_unit,str,8,2.4,,,"['Months ago', 'Days ago', 'Before last birth', 'Weeks ago', 'Menopausal/ Hysterectomy']",birth
Final_women_Data_ANON.csv,reversing-the-stall-in-fertility-decline-in-western-kenya-All-2026-05-12_0813,q301_13_spy,str,74,0.0,,,"['99', 'TRADITIONAL HERBS', 'TRADITIONAL MEDICINE/HERBS', 'KEEPING THE FIRST PERIOD BLOOD AFTER DELIVERY', 'NATURAL FAMILY PLANNING']",family
Final_women_Data_ANON.csv,reversing-the-stall-in-fertility-decline-in-western-kenya-All-2026-05-12_0813,q309a,str,4,0.0,,,"['99', 'Not currently pregnant', 'Pregnant/menopausal/Hesterectomy', '95']",preg
Final_women_Data_ANON.csv,reversing-the-stall-in-fertility-decline-in-western-kenya-All-2026-05-12_0813,q311,str,12,64.7,,,"['Injectables ', 'Male Condom  ', 'Female Sterilization ', 'Natural Methods(Standard Days/Safe Days/Withdrawal) ', 'Breastfeeding/Lam ']",method
Final_women_Data_ANON.csv,reversing-the-stall-in-fertility-decline-in-western-kenya-All-2026-05-12_0813,q317,str,3,0.0,,,"['99', 'Modern methods', 'Traditional+ Male sterilization']",method
Final_women_Data_ANON.csv,reversing-the-stall-in-fertility-decline-in-western-kenya-All-2026-05-12_0813,q322,str,6,97.7,,,"['Chaguo Lako', 'Femiplan', 'Don\x92t Know', 'Microgynon', 'Nordett']",plan
Final_women_Data_ANON.csv,reversing-the-stall-in-fertility-decline-in-western-kenya-All-2026-05-12_0813,q333_m_spy,str,7,0.0,,,"['99', '2', 'TRADITIONAL HERBS', 'TRADITIONAL', 'TRADITIONAL METHOD']",method
Final_women_Data_ANON.csv,reversing-the-stall-in-fertility-decline-in-western-kenya-All-2026-05-12_0813,q334x_spy,str,21,0.0,,,"['99', 'MOTHER OPPOSED', 'I WAS SICK FOR 9 MONTHS', 'CURRENTLY SICK', 'NO REASON']",reason
Final_women_Data_ANON.csv,reversing-the-stall-in-fertility-decline-in-western-kenya-All-2026-05-12_0813,q341_1st,str,24,45.5,,,"['Infrequent Sex/No Sex  ', ' Others Oppose ', 'Fear Of Side Effects ', 'Breastfeeding ', 'Wants More Children/Trying To Get Pregnant']",side
Final_women_Data_ANON.csv,reversing-the-stall-in-fertility-decline-in-western-kenya-All-2026-05-12_0813,q341_2nd,str,24,80.3,,,"['Health Concerns ', ' Lack Of Access/Too Far ', 'Doesn\x92t Know Which Method To Use ', 'Already Pregnant ', 'Respondent Opposes ']",method
Final_women_Data_ANON.csv,reversing-the-stall-in-fertility-decline-in-western-kenya-All-2026-05-12_0813,q341_3rd,str,19,95.8,,,"[' Inconvenient To Use ', 'Bad Experience With Existing Methods ', 'Respondent Opposes ', 'Don\x92T Know How To Use Method ', 'Wants More Children/Trying To Get Pregnant']",method
Final_women_Data_ANON.csv,reversing-the-stall-in-fertility-decline-in-western-kenya-All-2026-05-12_0813,q344,str,16,82.6,,,"['Others opposed ', 'Infrequent sex/ no sex ', 'Health concerns ', 'Other', 'Doesn\x92t know which method to use ']",method
Final_women_Data_ANON.csv,reversing-the-stall-in-fertility-decline-in-western-kenya-All-2026-05-12_0813,q344_spy,str,12,0.0,,,"['99', 'DOESNT KNOW', 'THINKS SHE IS OLD', 'NATURALLY SPACED -CANT GET PREGNANT UNLESS TAKE S A DRUG', 'NO REASON']",reason
Final_women_Data_ANON.csv,reversing-the-stall-in-fertility-decline-in-western-kenya-All-2026-05-12_0813,q345,str,12,61.8,,,"['Injectables ', 'Daily Pill ', 'Don\x92t Know ', 'Female Sterilization ', 'Implant ']",plan
Final_women_Data_ANON.csv,reversing-the-stall-in-fertility-decline-in-western-kenya-All-2026-05-12_0813,q345_spy,str,5,0.0,,,"['99', 'TRADITIONAL METHOD', 'TRADITIONAL HERBS', 'HERBAL', 'HERBAL (TRADITIONAL)']",method
Final_women_Data_ANON.csv,reversing-the-stall-in-fertility-decline-in-western-kenya-All-2026-05-12_0813,q348,str,4,69.3,,,"['Outside your sublocation ', 'Within your sublocation', 'Within your village', 'D/K']",side
Final_women_Data_ANON.csv,reversing-the-stall-in-fertility-decline-in-western-kenya-All-2026-05-12_0813,q412,str,4,90.9,,,"['No, Did not receive either ', 'Yes, Received a Referral ', 'Yes, Received a Method ', 'Yes, Received a Prescription ']",method
Final_women_Data_ANON.csv,reversing-the-stall-in-fertility-decline-in-western-kenya-All-2026-05-12_0813,q418,str,4,90.3,,,"['No, Did not receive either ', 'Yes, Received a Prescription ', 'Yes, Received a Referral ', 'Yes, Received a Method ']",method
Final_women_Data_ANON.csv,reversing-the-stall-in-fertility-decline-in-western-kenya-All-2026-05-12_0813,q602_status,str,2,1.4,,,"['Not currently pregnant', 'Currently pregnant']",preg
Final_women_Data_ANON.csv,reversing-the-stall-in-fertility-decline-in-western-kenya-All-2026-05-12_0813,q602_response,str,4,9.8,,,"[""Undecided/ Don't know"", 'No more/ None', 'Have another child', ""Says she can't get pregnant""]",preg
Final_women_Data_ANON.csv,reversing-the-stall-in-fertility-decline-in-western-kenya-All-2026-05-12_0813,q605,str,4,30.6,,,"['Big problem', ""Says she can't get pregnant/Not having sex"", 'No problem', 'Small problem']",preg
Final_women_Data_ANON.csv,reversing-the-stall-in-fertility-decline-in-western-kenya-All-2026-05-12_0813,q606x_spy,str,79,0.0,,,"['99', 'TOO OLD', 'EMBARASSEMENT', 'WANTS TO REST', 'MISCARRIAGED PREVIOUSLY']",miscarriage
Final_women_Data_ANON.csv,reversing-the-stall-in-fertility-decline-in-western-kenya-All-2026-05-12_0813,q608_response,str,4,43.1,,,"['No more/ None', 'Have another child', 'D/K', ""Says she can't get pregnant""]",preg
Final_women_Data_ANON.csv,reversing-the-stall-in-fertility-decline-in-western-kenya-All-2026-05-12_0813,q609_unit_spy,str,9,0.0,,,"['99', ""ITS GOD'S PLAN FOR ME"", 'DONT KNOW PARTNERS DESIRES', '2', '998']",plan
Final_women_Data_ANON.csv,reversing-the-stall-in-fertility-decline-in-western-kenya-All-2026-05-12_0813,q611_spy,str,38,0.0,,,"['99', 'HAVE NEVER DECIDED', 'NO ONE, WE JUST GIVE BIRTH', 'GOD', 'DONT KNOW']",birth
Client_Service_Statistics.csv,reversing-the-stall-in-fertility-decline-in-western-kenya-programme-monitoring-data-All-2026-05-12_0808,fpstatus,str,3,0.0,,,"['Revisit', 'New', 'Missing']",fp
Client_Service_Statistics.csv,reversing-the-stall-in-fertility-decline-in-western-kenya-programme-monitoring-data-All-2026-05-12_0808,projectfpstatus,str,4,0.0,,,"['Existing FP user and project beneficiary', 'New FP user and project beneficiary', 'Existing FP user and new project beneficiary', 'Missing']",fp
Client_Service_Statistics.csv,reversing-the-stall-in-fertility-decline-in-western-kenya-programme-monitoring-data-All-2026-05-12_0808,previousmethod,str,6,43.4,,,"['Condom', 'Pills', 'Injectables', 'Implants', 'IUCD']",method
Client_Service_Statistics.csv,reversing-the-stall-in-fertility-decline-in-western-kenya-programme-monitoring-data-All-2026-05-12_0808,prev_fp,str,3,43.6,,,"['Short-Acting', 'Injectables', 'LARCs']",fp
Client_Service_Statistics.csv,reversing-the-stall-in-fertility-decline-in-western-kenya-programme-monitoring-data-All-2026-05-12_0808,methodadopted,str,12,0.0,,,"['Condoms', 'Pills', 'Injectables', 'Implants', 'BTL']",method
Client_Service_Statistics.csv,reversing-the-stall-in-fertility-decline-in-western-kenya-programme-monitoring-data-All-2026-05-12_0808,fp_adopted,str,3,0.9,,,"['Short-Acting', 'Injectables', 'LAPMs']",fp
Client_Service_Statistics.csv,reversing-the-stall-in-fertility-decline-in-western-kenya-programme-monitoring-data-All-2026-05-12_0808,referred,str,10,71.6,,,"['Injectables', 'BTL', 'Implants', 'Other RH services', 'IUCD']",plan
Client_Service_Statistics.csv,reversing-the-stall-in-fertility-decline-in-western-kenya-programme-monitoring-data-All-2026-05-12_0808,fp_referred,str,3,73.2,,,"['Injectables', 'LAPMs', 'Short-Acting']",fp
Client_Service_Statistics.csv,reversing-the-stall-in-fertility-decline-in-western-kenya-programme-monitoring-data-All-2026-05-12_0808,pillquantity,float64,29,76.3,0.0,150.0,"[3.0, 1.0, 2.0, 0.0, 21.0]",pill
Client_Service_Statistics.csv,reversing-the-stall-in-fertility-decline-in-western-kenya-programme-monitoring-data-All-2026-05-12_0808,condomquantity,float64,151,58.2,0.0,80020.0,"[30.0, 10.0, 60.0, 40.0, 20.0]",condom
Mobilisation_Activity_Register.csv,reversing-the-stall-in-fertility-decline-in-western-kenya-programme-monitoring-data-All-2026-05-12_0808,discussiontopic,str,4774,0.6,,,"['IMPORTANCE OF FP', 'IMPORTANCE OF FAMILY PLANNING', 'FP', 'CONDOM USE', 'BENEFIT OF MALE INVOLVEMENT IN FP']",family
ddi_hfs_data.csv,the-epidemiology-of-unsafe-abortions-abortion-incidence-and-complication-from-unsafe-abortions-in-kenya-All-2026-05-12_0814,hf105_ospcfy,str,2,99.4,,,"['SUPERVISES THE INTERNS', 'IN CHARGE OF FP\\CHILD WELFARE\\OUTPATIENT']",fp
ddi_hfs_data.csv,the-epidemiology-of-unsafe-abortions-abortion-incidence-and-complication-from-unsafe-abortions-in-kenya-All-2026-05-12_0814,hf202x_spcfy,str,7,97.3,,,"['FAMILY PLANNING UNIT', 'MCH AND FAMILY PLANNING', 'REPRODUCTIVE HEALTH CLINIC', 'MCH', 'FP ROOM']",family
ddi_hfs_data.csv,the-epidemiology-of-unsafe-abortions-abortion-incidence-and-complication-from-unsafe-abortions-in-kenya-All-2026-05-12_0814,hf210x_ospcfy,str,18,94.5,,,"['RESIATATE THE PATIENT', 'SPECULUM AND PREGNANCY TEST', 'GIVEN COTTON WOOL TO ACT AS SANITARY TOWEL', 'CATHETER', 'NECESSARY INVESTIGATION DEPENDING ON DIAGNOSI']",preg
ddi_hfs_data.csv,the-epidemiology-of-unsafe-abortions-abortion-incidence-and-complication-from-unsafe-abortions-in-kenya-All-2026-05-12_0814,hf215,str,8,15.2,,,"['D & E', 'MVA', 'Not applicable/ Missing', 'EVA', 'Medical abortion']",abortion
ddi_hfs_data.csv,the-epidemiology-of-unsafe-abortions-abortion-incidence-and-complication-from-unsafe-abortions-in-kenya-All-2026-05-12_0814,hf302a,str,13,84.5,,,"['When Being Referred To Other Facilities ', 'Some Are Too Young To Be Counselled On Contraceptives Even Though They Are Pac Patients ', 'Fear/Trauma Of Patients/Stigmatization ', 'Not Interested (Patients)', 'Workload Is High/Holidays/Odd Hours ']",contracep
ddi_hfs_data.csv,the-epidemiology-of-unsafe-abortions-abortion-incidence-and-complication-from-unsafe-abortions-in-kenya-All-2026-05-12_0814,hf305x_spcfy,str,18,94.2,,,"['WE GIVE EXTRA INFO ON CERVICAL CANCER', 'NUTRITION', 'CLEAR MYTH ASSOCIATED WITH FP.REFER WELL', 'DOES NOT OFFER COUNSELING', 'IMPORTANCE OF CONTRACEPTION. HIV\\AIDS']",contracep
ddi_hfs_data.csv,the-epidemiology-of-unsafe-abortions-abortion-incidence-and-complication-from-unsafe-abortions-in-kenya-All-2026-05-12_0814,hf306x_spcfy,str,16,95.1,,,"['9', 'METHOD COST(COST IMPACT TO THE CLIENT)', 'IF UNDERAGE(<20)YOU INCORPORATE THERE PARENTS', 'HIV\\AIDS, FAILURE RATES,PAD SMEAR,VAGINALSWAB', 'THEY SHOULD NOT HIDE WHEN THEY GET SEPSIS']",method
ddi_hfs_data.csv,the-epidemiology-of-unsafe-abortions-abortion-incidence-and-complication-from-unsafe-abortions-in-kenya-All-2026-05-12_0814,hf307a,str,10,3.0,,,"['Counselling ;Couples Or Individuals.Encourage Them To Support Each Other,Consult Each Other/ Comprehensive Care Center/Offering Incentives To Men ', 'Men Are Not Involved At Home Indirectly/Are Rarely Involved ', 'The Culture Does Not Allow Stigma And Low Opinion.', 'Provide Men With Male Condoms And Encourage Them To Use F.G.M ', 'Men Support Groups For Encouragements.Provision Of Flyers ']",condom
ddi_hfs_data.csv,the-epidemiology-of-unsafe-abortions-abortion-incidence-and-complication-from-unsafe-abortions-in-kenya-All-2026-05-12_0814,hf307c,str,4,98.8,,,"['Provide Men With Male Condoms And Encourage Them To Use F.G.M ', ""Chief'S Barazas"", ""Use Chw'S To Sensitize Men"", 'Reach Them By Law ']",condom
ddi_hfs_data.csv,the-epidemiology-of-unsafe-abortions-abortion-incidence-and-complication-from-unsafe-abortions-in-kenya-All-2026-05-12_0814,hf404a,str,12,2.1,,,"['Provision of equipment/kit(increase of the same)/sterilization ', 'Training of staff on pac ', 'Infrastructure /space improved e.g wards,theatre,blood transfusion unit,counselling room, ', 'Proper antenatal care and follow up,with family planning  Talks/campaigns  to sensitise the ', 'Improve drug supply/provision of modern contraceptives ']",contracep
ddi_hfs_data.csv,the-epidemiology-of-unsafe-abortions-abortion-incidence-and-complication-from-unsafe-abortions-in-kenya-All-2026-05-12_0814,hf404b,str,12,26.8,,,"['Training of staff on pac ', 'Change of policy to allow counselling ', 'Provision of equipment/kit(increase of the same)/sterilization ', 'Proper antenatal care and follow up,with family planning  Talks/campaigns  to sensitise the ', 'Improve drug supply/provision of modern contraceptives ']",contracep
ddi_hfs_data.csv,the-epidemiology-of-unsafe-abortions-abortion-incidence-and-complication-from-unsafe-abortions-in-kenya-All-2026-05-12_0814,hf404c,str,12,64.9,,,"['Infrastructure /space improved e.g wards,theatre,blood transfusion unit,counselling room, ', 'Provision of equipment/kit(increase of the same)/sterilization ', 'Training of staff on pac ', 'Improve drug supply/provision of modern contraceptives ', 'Proper antenatal care and follow up,with family planning  Talks/campaigns  to sensitise the ']",contracep
ddi_hfs_data.csv,the-epidemiology-of-unsafe-abortions-abortion-incidence-and-complication-from-unsafe-abortions-in-kenya-All-2026-05-12_0814,hf404d,str,9,91.8,,,"['Improve drug supply/provision of modern contraceptives ', 'Change of policy to allow counselling ', 'Infrastructure /space improved e.g wards,theatre,blood transfusion unit,counselling room, ', 'Funding/support from donors ', 'Proper antenatal care and follow up,with family planning  Talks/campaigns  to sensitise the ']",contracep
ddi_hfs_data.csv,the-epidemiology-of-unsafe-abortions-abortion-incidence-and-complication-from-unsafe-abortions-in-kenya-All-2026-05-12_0814,hf406x_spcfy,str,2,99.4,,,"['MENTAL DISABILITY OF THE WOMAN', 'LEGALISE TO PREVENT UNSAFE ABORTIONS']",abortion
ddi_hfs_data.csv,the-epidemiology-of-unsafe-abortions-abortion-incidence-and-complication-from-unsafe-abortions-in-kenya-All-2026-05-12_0814,int_comments_b,str,98,69.5,,,"['K ABOUT NATURAL METHODS', 'ITY WAS INTRODUCED TO BASICALLY PERFORM VASEC', 'QUESTIONS AS SHE DOES NOT KNOW THE NUMBER', 'HROUGH THE INTERVIEW WAS VERY COOPERATIVE', 'FACILITY HAS NOW BEEN UPGRADED TO BE A HEALTH']",method
ddi_hfs_data.csv,the-epidemiology-of-unsafe-abortions-abortion-incidence-and-complication-from-unsafe-abortions-in-kenya-All-2026-05-12_0814,no_hmis_c,str,30,90.9,,,"['NG THE EXERCISE INCLUDING POST ABORTION CARE', 'OVIDE PAC SERVICES OF OTHER LEVEL.FACILITY AT', 'AS INCOMPLETE AND HANDWRITTING NOT READABLE.', 'COUNTED (EVEN ONE CANNOT TRACE DATA ON IT .', 'PROVIDING ABORTION CASES.']",abortion
ddi_hps_data.csv,the-epidemiology-of-unsafe-abortions-abortion-incidence-and-complication-from-unsafe-abortions-in-kenya-All-2026-05-12_0814,k10_comment,str,34,72.6,,,"['Q212,213-All Will Have Compl All Bleed And Provider May Be Trained But Not Have An Enabling Environment.Q301-Pain Is Not A Complication?.Q304-Women Self-Induced Is Not A Provider.Q204(G)-Difficult To', 'Not Sure What Women Would Pay To Any Provider Forprocuring An Abortion,.', ""202.Difficult To Tell Method Used .Many Come Withcomplications.However Nurse/Co'S,Do Have Mva Kitsboth Personel And Some In H/Centres.Not Sure About The Old As New Constitution."", 'Q105-Not Sureq203-Sometimes It Is Impossible To Tell Whether Co,Nurse,Midwife.It Is Just A Clinicq210-213-Not Sure What Type Of Providers And Their', '214-There Is No Fear ,There Is A Way Out So They Will No Problems Repeating The Same And It Will Besuccessful .Those Who Have Useful Wll Have Other Problems E.G Abuse,Economy Is Bad Will Come Again W']",method
ddi_hps_data.csv,the-epidemiology-of-unsafe-abortions-abortion-incidence-and-complication-from-unsafe-abortions-in-kenya-All-2026-05-12_0814,hp202ufv_spcfy,str,4,96.8,,,"['Juice Concotion(Strong)', 'Juice Concotion', 'Injectable Oxytocin', '9']",inject
ddi_hps_data.csv,the-epidemiology-of-unsafe-abortions-abortion-incidence-and-complication-from-unsafe-abortions-in-kenya-All-2026-05-12_0814,hp203ra2,str,8,81.5,,,"['hiv.Cervical/ Vaginal drugs- Piercing objects (e.g. sticks, wires, knitting needles)', 'hii. Cervical/ Vaginal drugs- Herbs/Teas/ Solutions (Using form of insertion)', 'e. Medication abortion (e.g. Cytotec/misoprostol)', 'fii. Oral introduction of drugs- Herbs/ Teas/ Solutions', 'i. Heavy massage/physical exertion, physical blows, jumping, falling, marching']",abortion
ddi_hps_data.csv,the-epidemiology-of-unsafe-abortions-abortion-incidence-and-complication-from-unsafe-abortions-in-kenya-All-2026-05-12_0814,hp203ra3,str,4,95.2,,,"['f i. Oral introduction of drugs- Hormonal drugs (e.g. Contraceptive pills)', 'fii. Oral introduction of drugs- Herbs/ Teas/ Solutions', 'hiv.Cervical/ Vaginal drugs- Piercing objects (e.g. sticks, wires, knitting needles)', 'fiii. Oral introduction of drugs- Caustic agents (e.g. Washing detergent)']",contracep
ddi_hps_data.csv,the-epidemiology-of-unsafe-abortions-abortion-incidence-and-complication-from-unsafe-abortions-in-kenya-All-2026-05-12_0814,hp203ua1,str,13,21.0,,,"['fii. Oral introduction of drugs- Herbs/ Teas/ Solutions', 'hiv.Cervical/ Vaginal drugs- Piercing objects (e.g. sticks, wires, knitting needles)', 'e. Medication abortion (e.g. Cytotec/misoprostol)', 'a. Dilation and Evacuation (D&E)', 'j. Other means']",abortion
ddi_hps_data.csv,the-epidemiology-of-unsafe-abortions-abortion-incidence-and-complication-from-unsafe-abortions-in-kenya-All-2026-05-12_0814,hp203ua3,str,6,94.4,,,"['i. Heavy massage/physical exertion, physical blows, jumping, falling, marching', 'fii. Oral introduction of drugs- Herbs/ Teas/ Solutions', 'e. Medication abortion (e.g. Cytotec/misoprostol)', 'fiii. Oral introduction of drugs- Caustic agents (e.g. Washing detergent)', 'hiv.Cervical/ Vaginal drugs- Piercing objects (e.g. sticks, wires, knitting needles)']",abortion
ddi_hps_data.csv,the-epidemiology-of-unsafe-abortions-abortion-incidence-and-complication-from-unsafe-abortions-in-kenya-All-2026-05-12_0814,hp203ua5,str,1,99.2,,,['e. Medication abortion (e.g. Cytotec/misoprostol)'],abortion
ddi_hps_data.csv,the-epidemiology-of-unsafe-abortions-abortion-incidence-and-complication-from-unsafe-abortions-in-kenya-All-2026-05-12_0814,hp203rb1,str,11,21.8,,,"['a. Dilation and Evacuation (D&E)', 'b. Dilation and curettage (D&C)', 'c. Manual vacuum aspiration (MVA)', 'e. Medication abortion (e.g. Cytotec/misoprostol)', 'hiv.Cervical/ Vaginal drugs- Piercing objects (e.g. sticks, wires, knitting needles)']",abortion
ddi_hps_data.csv,the-epidemiology-of-unsafe-abortions-abortion-incidence-and-complication-from-unsafe-abortions-in-kenya-All-2026-05-12_0814,hp203rb2,str,8,74.2,,,"['b. Dilation and curettage (D&C)', 'e. Medication abortion (e.g. Cytotec/misoprostol)', 'd. Electric vacuum aspiration (EVA)', 'c. Manual vacuum aspiration (MVA)', 'a. Dilation and Evacuation (D&E)']",abortion
ddi_hps_data.csv,the-epidemiology-of-unsafe-abortions-abortion-incidence-and-complication-from-unsafe-abortions-in-kenya-All-2026-05-12_0814,hp203rb3,str,5,95.2,,,"['hiii. Cervical/ Vaginal drugs- Catheter', 'g. Injectables', 'c. Manual vacuum aspiration (MVA)', 'b. Dilation and curettage (D&C)', 'e. Medication abortion (e.g. Cytotec/misoprostol)']",inject
ddi_hps_data.csv,the-epidemiology-of-unsafe-abortions-abortion-incidence-and-complication-from-unsafe-abortions-in-kenya-All-2026-05-12_0814,hp203rb5,str,1,99.2,,,['e. Medication abortion (e.g. Cytotec/misoprostol)'],abortion
ddi_hps_data.csv,the-epidemiology-of-unsafe-abortions-abortion-incidence-and-complication-from-unsafe-abortions-in-kenya-All-2026-05-12_0814,hp203ub1,str,10,21.0,,,"['a. Dilation and Evacuation (D&E)', 'b. Dilation and curettage (D&C)', 'c. Manual vacuum aspiration (MVA)', 'e. Medication abortion (e.g. Cytotec/misoprostol)', 'hiv.Cervical/ Vaginal drugs- Piercing objects (e.g. sticks, wires, knitting needles)']",abortion
ddi_hps_data.csv,the-epidemiology-of-unsafe-abortions-abortion-incidence-and-complication-from-unsafe-abortions-in-kenya-All-2026-05-12_0814,hp203ub2,str,6,69.4,,,"['b. Dilation and curettage (D&C)', 'e. Medication abortion (e.g. Cytotec/misoprostol)', 'c. Manual vacuum aspiration (MVA)', 'a. Dilation and Evacuation (D&E)', 'hiii. Cervical/ Vaginal drugs- Catheter']",abortion
ddi_hps_data.csv,the-epidemiology-of-unsafe-abortions-abortion-incidence-and-complication-from-unsafe-abortions-in-kenya-All-2026-05-12_0814,hp203ub3,str,5,90.3,,,"['hiii. Cervical/ Vaginal drugs- Catheter', 'e. Medication abortion (e.g. Cytotec/misoprostol)', 'g. Injectables', 'c. Manual vacuum aspiration (MVA)', 'b. Dilation and curettage (D&C)']",inject
ddi_hps_data.csv,the-epidemiology-of-unsafe-abortions-abortion-incidence-and-complication-from-unsafe-abortions-in-kenya-All-2026-05-12_0814,hp203ub4,str,3,96.8,,,"['e. Medication abortion (e.g. Cytotec/misoprostol)', 'c. Manual vacuum aspiration (MVA)', 'b. Dilation and curettage (D&C)']",abortion
ddi_hps_data.csv,the-epidemiology-of-unsafe-abortions-abortion-incidence-and-complication-from-unsafe-abortions-in-kenya-All-2026-05-12_0814,hp203rc1,str,12,25.0,,,"['a. Dilation and Evacuation (D&E)', 'c. Manual vacuum aspiration (MVA)', 'b. Dilation and curettage (D&C)', 'e. Medication abortion (e.g. Cytotec/misoprostol)', 'fii. Oral introduction of drugs- Herbs/ Teas/ Solutions']",abortion
ddi_hps_data.csv,the-epidemiology-of-unsafe-abortions-abortion-incidence-and-complication-from-unsafe-abortions-in-kenya-All-2026-05-12_0814,hp203rc2,str,8,78.2,,,"['b. Dilation and curettage (D&C)', 'e. Medication abortion (e.g. Cytotec/misoprostol)', 'fiii. Oral introduction of drugs- Caustic agents (e.g. Washing detergent)', 'hiv.Cervical/ Vaginal drugs- Piercing objects (e.g. sticks, wires, knitting needles)', 'c. Manual vacuum aspiration (MVA)']",abortion
ddi_hps_data.csv,the-epidemiology-of-unsafe-abortions-abortion-incidence-and-complication-from-unsafe-abortions-in-kenya-All-2026-05-12_0814,hp203uc1,str,10,24.2,,,"['a. Dilation and Evacuation (D&E)', 'c. Manual vacuum aspiration (MVA)', 'e. Medication abortion (e.g. Cytotec/misoprostol)', 'b. Dilation and curettage (D&C)', 'hi. Cervical/ Vaginal drugs-Hormonal drugs (e.g. Contraceptives)']",contracep
ddi_hps_data.csv,the-epidemiology-of-unsafe-abortions-abortion-incidence-and-complication-from-unsafe-abortions-in-kenya-All-2026-05-12_0814,hp203uc2,str,5,69.4,,,"['b. Dilation and curettage (D&C)', 'e. Medication abortion (e.g. Cytotec/misoprostol)', 'hiv.Cervical/ Vaginal drugs- Piercing objects (e.g. sticks, wires, knitting needles)', 'c. Manual vacuum aspiration (MVA)', 'hi. Cervical/ Vaginal drugs-Hormonal drugs (e.g. Contraceptives)']",contracep
ddi_hps_data.csv,the-epidemiology-of-unsafe-abortions-abortion-incidence-and-complication-from-unsafe-abortions-in-kenya-All-2026-05-12_0814,hp203uc3,str,4,91.9,,,"['e. Medication abortion (e.g. Cytotec/misoprostol)', 'c. Manual vacuum aspiration (MVA)', 'b. Dilation and curettage (D&C)', 'd. Electric vacuum aspiration (EVA)']",abortion
ddi_hps_data.csv,the-epidemiology-of-unsafe-abortions-abortion-incidence-and-complication-from-unsafe-abortions-in-kenya-All-2026-05-12_0814,hp203uc4,str,2,96.8,,,"['d. Electric vacuum aspiration (EVA)', 'e. Medication abortion (e.g. Cytotec/misoprostol)']",abortion
ddi_hps_data.csv,the-epidemiology-of-unsafe-abortions-abortion-incidence-and-complication-from-unsafe-abortions-in-kenya-All-2026-05-12_0814,hp203rd1,str,12,21.0,,,"['hii. Cervical/ Vaginal drugs- Herbs/Teas/ Solutions (Using form of insertion)', 'hiv.Cervical/ Vaginal drugs- Piercing objects (e.g. sticks, wires, knitting needles)', 'f i. Oral introduction of drugs- Hormonal drugs (e.g. Contraceptive pills)', 'e. Medication abortion (e.g. Cytotec/misoprostol)', 'fii. Oral introduction of drugs- Herbs/ Teas/ Solutions']",contracep
ddi_hps_data.csv,the-epidemiology-of-unsafe-abortions-abortion-incidence-and-complication-from-unsafe-abortions-in-kenya-All-2026-05-12_0814,hp203rd2,str,8,84.7,,,"['f i. Oral introduction of drugs- Hormonal drugs (e.g. Contraceptive pills)', 'fiii. Oral introduction of drugs- Caustic agents (e.g. Washing detergent)', 'fiv. Oral introduction of drugs- Overdose of pharmaceuticals (e.g. Quinine, SP 3 tablets)', 'fii. Oral introduction of drugs- Herbs/ Teas/ Solutions', 'hiv.Cervical/ Vaginal drugs- Piercing objects (e.g. sticks, wires, knitting needles)']",contracep
ddi_hps_data.csv,the-epidemiology-of-unsafe-abortions-abortion-incidence-and-complication-from-unsafe-abortions-in-kenya-All-2026-05-12_0814,hp203rd3,str,6,94.4,,,"['e. Medication abortion (e.g. Cytotec/misoprostol)', 'hiv.Cervical/ Vaginal drugs- Piercing objects (e.g. sticks, wires, knitting needles)', 'hii. Cervical/ Vaginal drugs- Herbs/Teas/ Solutions (Using form of insertion)', 'fiv. Oral introduction of drugs- Overdose of pharmaceuticals (e.g. Quinine, SP 3 tablets)', 'i. Heavy massage/physical exertion, physical blows, jumping, falling, marching']",abortion
ddi_hps_data.csv,the-epidemiology-of-unsafe-abortions-abortion-incidence-and-complication-from-unsafe-abortions-in-kenya-All-2026-05-12_0814,hp203ud1,str,12,26.6,,,"['hii. Cervical/ Vaginal drugs- Herbs/Teas/ Solutions (Using form of insertion)', 'f i. Oral introduction of drugs- Hormonal drugs (e.g. Contraceptive pills)', 'b. Dilation and curettage (D&C)', 'e. Medication abortion (e.g. Cytotec/misoprostol)', 'fii. Oral introduction of drugs- Herbs/ Teas/ Solutions']",contracep
ddi_hps_data.csv,the-epidemiology-of-unsafe-abortions-abortion-incidence-and-complication-from-unsafe-abortions-in-kenya-All-2026-05-12_0814,hp203ud2,str,10,87.9,,,"['e. Medication abortion (e.g. Cytotec/misoprostol)', 'c. Manual vacuum aspiration (MVA)', 'fiii. Oral introduction of drugs- Caustic agents (e.g. Washing detergent)', 'hiv.Cervical/ Vaginal drugs- Piercing objects (e.g. sticks, wires, knitting needles)', 'b. Dilation and curettage (D&C)']",abortion
ddi_hps_data.csv,the-epidemiology-of-unsafe-abortions-abortion-incidence-and-complication-from-unsafe-abortions-in-kenya-All-2026-05-12_0814,hp203ud4,str,5,96.0,,,"['hii. Cervical/ Vaginal drugs- Herbs/Teas/ Solutions (Using form of insertion)', 'd. Electric vacuum aspiration (EVA)', 'hiii. Cervical/ Vaginal drugs- Catheter', 'fiv. Oral introduction of drugs- Overdose of pharmaceuticals (e.g. Quinine, SP 3 tablets)', 'hi. Cervical/ Vaginal drugs-Hormonal drugs (e.g. Contraceptives)']",contracep
ddi_hps_data.csv,the-epidemiology-of-unsafe-abortions-abortion-incidence-and-complication-from-unsafe-abortions-in-kenya-All-2026-05-12_0814,hp204rfp,str,3,1.6,,,"['Sometimes', 'Never/ Rarely', 'Commonly']",fp
ddi_hps_data.csv,the-epidemiology-of-unsafe-abortions-abortion-incidence-and-complication-from-unsafe-abortions-in-kenya-All-2026-05-12_0814,hp206rfp,float64,36,8.1,0.0,40.0,"[5.0, 2.0, 0.0, 20.0, 3.0]",fp
ddi_hps_data.csv,the-epidemiology-of-unsafe-abortions-abortion-incidence-and-complication-from-unsafe-abortions-in-kenya-All-2026-05-12_0814,hp207ufp,str,3,6.5,,,"['Sometimes', 'Never/ Rarely', 'Commonly']",fp
ddi_hps_data.csv,the-epidemiology-of-unsafe-abortions-abortion-incidence-and-complication-from-unsafe-abortions-in-kenya-All-2026-05-12_0814,hp209ufp,float64,37,7.3,0.0,55.56,"[5.0, 10.0, 2.0, 15.0, 0.0]",fp
ddi_hps_data.csv,the-epidemiology-of-unsafe-abortions-abortion-incidence-and-complication-from-unsafe-abortions-in-kenya-All-2026-05-12_0814,hp304rfp,str,3,10.5,,,"['Sometimes', 'Never/ Rarely', 'Commonly']",fp
ddi_hps_data.csv,the-epidemiology-of-unsafe-abortions-abortion-incidence-and-complication-from-unsafe-abortions-in-kenya-All-2026-05-12_0814,hp307ufp,str,3,8.1,,,"['Sometimes', 'Never/ Rarely', 'Commonly']",fp
ddi_hps_data.csv,the-epidemiology-of-unsafe-abortions-abortion-incidence-and-complication-from-unsafe-abortions-in-kenya-All-2026-05-12_0814,hp311j_spcfy,str,4,96.8,,,"['Subsidise The Cost.', 'Stigma.', 'Fp Methods That Are Effective.', 'Increase Confidence Inourhealth Sector']",method
ddi_hps_data.csv,the-epidemiology-of-unsafe-abortions-abortion-incidence-and-complication-from-unsafe-abortions-in-kenya-All-2026-05-12_0814,hp401x_spcfy,str,3,97.6,,,"['Tradition Methods', 'Infertility Herbal Pills', 'Herbal']",method
ddi_hps_data.csv,the-epidemiology-of-unsafe-abortions-abortion-incidence-and-complication-from-unsafe-abortions-in-kenya-All-2026-05-12_0814,hp407x_spcfy,str,10,91.9,,,"['All Methods Are Relevant.It Depends On A Woma', 'Give Information And Assess Preferred Methhod', ""Clint'S Choice"", 'Follow Up Counselling After Pac And Natural M', 'Herbs(Marakwet)But Requires Reversal By Provi']",method
ddi_hps_data.csv,the-epidemiology-of-unsafe-abortions-abortion-incidence-and-complication-from-unsafe-abortions-in-kenya-All-2026-05-12_0814,ph501,str,109,6.5,,,"['Abortion  Is Not Permitted Unless In The Opinion Of A Healthprofessional The Life Or The Mother Is At Risk And Should Beperformed In An Hospital Set Up By A Trained Medical Practioner And With The Consent Of Of Two Other Medical Practioners.', 'Abortion Is Illegal.Everyone Has A Right To Life.Only A Professional Doctor Can Offer These Services .', 'Allowed For The Benefit Of The Women/Patient', ""Only Of A Woman'S Health Is At Risk"", 'Ned Health Care Provider Says That Will  Harm The Healthalth Of The Mother']",abortion
ddi_hps_data.csv,the-epidemiology-of-unsafe-abortions-abortion-incidence-and-complication-from-unsafe-abortions-in-kenya-All-2026-05-12_0814,ph502,str,111,7.3,,,"['Induction Abortion Was Allowed When The Pregnancy Poses A Risk To The Life Or Health Of The Mother .Perfprmed In Hospital By Qualified Medical Practicioner S', 'There Was No Mention Of Abortion In The Old.It Was In Thepenel Code.', 'The Old Was A Criminal Offence', 'Not Sure', 'Abortion Was Illegal In The Old Constitutionin The New Constitution Abortion Is Allowed In Order To Savethe Maternal Life']",fp
ddi_hps_data.csv,the-epidemiology-of-unsafe-abortions-abortion-incidence-and-complication-from-unsafe-abortions-in-kenya-All-2026-05-12_0814,ph503,str,104,11.3,,,"['There Was No Change', 'Kenyans Wanted It Clear In The Constitution That Abortion Isillegal That Is Why It Had To Be Put On The Constitution.', ""Nothing Changed Because Doctors Used To Perform It Anyway  When The Mother'S Life Is In Danger."", 'It Reflect The Reality In Our Community.Without This Changesit Will Be Difficult To Save Mother Who Procure Unsafe Abortion Or Have Unwanted /Unplanned Pregnancies', 'Nothing Changed']",plan
ddi_hps_data.csv,the-epidemiology-of-unsafe-abortions-abortion-incidence-and-complication-from-unsafe-abortions-in-kenya-All-2026-05-12_0814,ph504,str,108,9.7,,,"['Not Changed Anything', 'Abortion Can Be Procured But Only Through A Professional  .', 'No,It Is Still Not Performed In The Open.', 'Not Sure', 'It Has Not Had Significant Changes .Most People Still Perceive Abortion As Illegal.']",abortion
ddi_hps_data.csv,the-epidemiology-of-unsafe-abortions-abortion-incidence-and-complication-from-unsafe-abortions-in-kenya-All-2026-05-12_0814,ph505,str,106,8.9,,,"[""Counselling Women Of Reproduction Age On Fp,Dangers Of Abortion ,Hiv,Sti'S."", 'Train Staff On This Procedurescreate Awareness About Abortion And Advantages Of Using H/Professionals.Make The Law Understandable To The People On How To Procuresafe Abortion', 'Abortion Should Be Made Legal.Once The Patient Decides She Needs It It Should Be Done Otherwise It Will Still Need To Unsafe Abortion .', 'Not Sure', 'Provision Of Education To The Publiceducate Women On Their Rights']",fp
ddi_hps_data.csv,the-epidemiology-of-unsafe-abortions-abortion-incidence-and-complication-from-unsafe-abortions-in-kenya-All-2026-05-12_0814,ph506,str,20,83.9,,,"['After Counselling The Woman And She Still Feels She Should Not Carry The Pregnancy,She Should Be Allowed To Terminate.If Couple They Should Make Decision Both Of Them .In The Under Age ,The Parents Make Decision', 'Health Provider Should Be Protected-Can Be Threatened To Offerthe Services Otherwise....Misuse Of Legal Provision.That Is Why There Was A Requiremenbefore Terminating The Pregnancy.Coersion-Some Women Can Be Forced By The Partner To Abort When', 'Under No Circumstance (The Life Of The Mother Is Not Superior To The Baby).', 'Fetal Gross Abnormalities', 'It Should Not Be Be Legal.']",preg
ddi_hps_data.csv,the-epidemiology-of-unsafe-abortions-abortion-incidence-and-complication-from-unsafe-abortions-in-kenya-All-2026-05-12_0814,ph507h_spcfy,str,17,86.3,,,"['Training ;Involve Churches To Educate Their Members On Issues Of Abortion.', 'Social Worker Attached To Communities.', 'Training /Equiping Health Facilities', 'Involve The Church To Couselling.', 'Change Attitude Of Health Providers Towards Pac Patients']",abortion
ddi_hps_data.csv,the-epidemiology-of-unsafe-abortions-abortion-incidence-and-complication-from-unsafe-abortions-in-kenya-All-2026-05-12_0814,ph508,str,111,9.7,,,"[""Create Awareness Of Sti'S As Well As Hiv As Part Of Pac Counselling.Special Centres For Pac Services .Equip All The Facilities With Pac Care/Mva Equipment"", 'Facilities -Should Be Improved To Cater For This Services.Management Of Pills-Drugs(Shortage)Inadeguate Staff(Trained)Provide Guidelines On The Management Of Pac', 'Service Made Cheap /Accessible Affortabledestigmatise Abortion Carefp Services Should Be Available At Or Immediately After Abortion', 'Better Access To Health Care .', ""More Emphasis On Women'S Rights To Negotiate On Safe Sex.Anduse Contraceptiveseasier Access To Safe Pac Servicesenhance/Educate Public On Women'S Rights""]",contracep
ddi_hps_data.csv,the-epidemiology-of-unsafe-abortions-abortion-incidence-and-complication-from-unsafe-abortions-in-kenya-All-2026-05-12_0814,comment,str,76,19.4,,,"['Women Rightrs Including Sexual And Reproductive Health Rights Should Be Advocated.', 'I Would Wish For A Real Fact Finding Research On Magnitude Of Abortion-Real Cross Sectional Study.Strengthen Maternal Death Reporting At The Community Level (Maternal Audit At Community Level).', ""Let Hospitals Liase With Other Groups Who Don'T Believe In Abortion Who Can Offer Spiritual Dimension(Fbo),E.G Chaplains In Hospitals Offer Spiritual Guidence With Offices For Spiritual Counselling."", 'Kenyans Should Not Depend On Donors For For Contraceptives', 'The Findings Should Be For Improving Women Welfare Of Women.The Questionnaire Is Too Long  And Time Consuming.Improve On The Font.']",contracep
ddi_pds_data.csv,the-epidemiology-of-unsafe-abortions-abortion-incidence-and-complication-from-unsafe-abortions-in-kenya-All-2026-05-12_0814,pds208,str,5,0.0,,,"['Did not want to become pregant at all', 'D/K', 'Yes, wanted then', 'Yes, wanted later', 'Missing']",preg
ddi_pds_data.csv,the-epidemiology-of-unsafe-abortions-abortion-incidence-and-complication-from-unsafe-abortions-in-kenya-All-2026-05-12_0814,pds301,str,2,0.0,,,"['Postabortion Care', 'Request for termination on medical or other grounds']",abortion
ddi_pds_data.csv,the-epidemiology-of-unsafe-abortions-abortion-incidence-and-complication-from-unsafe-abortions-in-kenya-All-2026-05-12_0814,pds401,str,5,0.0,,,"['Incomplete Abortion', 'Inevitable Abortion', 'Complete Abortion', 'Missed Abortion', 'Other']",abortion
ddi_pds_data.csv,the-epidemiology-of-unsafe-abortions-abortion-incidence-and-complication-from-unsafe-abortions-in-kenya-All-2026-05-12_0814,pds401_otherspfy,str,28,84.4,,,"['MISSING', 'SAC', 'SAFE ABORTION CASE SAC', 'THREATENED ABORTION', 'NONE']",abortion
ddi_pds_data.csv,the-epidemiology-of-unsafe-abortions-abortion-incidence-and-complication-from-unsafe-abortions-in-kenya-All-2026-05-12_0814,pds502,str,8,16.0,,,"['D&C', 'MVA', 'Medical Abortion', 'Forceps Evacuation', 'Other']",abortion
ddi_pds_data.csv,the-epidemiology-of-unsafe-abortions-abortion-incidence-and-complication-from-unsafe-abortions-in-kenya-All-2026-05-12_0814,pds703x_otherspfy,str,11,99.6,,,"['RHYTHM NATURAL METHOD', 'TO COME BACK FOR BTL', 'CYCLE BEADS', 'REFERRED FOR IUCD', 'REFFERED FOR IUCD']",method
chv_final.csv,using-a-decision-support-smartphone-application-to-enhance-community-health-volunteers-effectiveness-in-reducing-maternal-complications-in-the-informal-settlements-of-nairobi-All-2026-05-12_0807,q2_8xs,str,33,73.2,,,"['Yellow fever', 'Dizziness, mother with an sti', 'Weak', 'Denial', 'HIV positive pregnant mother']",preg
chv_final.csv,using-a-decision-support-smartphone-application-to-enhance-community-health-volunteers-effectiveness-in-reducing-maternal-complications-in-the-informal-settlements-of-nairobi-All-2026-05-12_0807,q2_9xs,str,40,67.7,,,"['Malaria, Wound after giving birth through CS ', 'Malaria, prenomanol', 'Weak', 'Pain', 'Loss of appetite']",birth
chv_final.csv,using-a-decision-support-smartphone-application-to-enhance-community-health-volunteers-effectiveness-in-reducing-maternal-complications-in-the-informal-settlements-of-nairobi-All-2026-05-12_0807,q2_11xs,str,30,76.4,,,"[""A Child who didn't cry after birth"", 'Child with premnou.', 'Kuhara na kutapika', 'Child crying a lot, child not crying immediately after birth, child not suckling', 'Running stool..too much crying']",birth
chv_final.csv,using-a-decision-support-smartphone-application-to-enhance-community-health-volunteers-effectiveness-in-reducing-maternal-complications-in-the-informal-settlements-of-nairobi-All-2026-05-12_0807,comments,str,95,23.6,,,"['15/8 official date of birth', 'The CHV is assigned 10household but can attend to anyone within the community.', 'NONE', ""Respondent says clients don't like records taken on books since can be referred by other people disclosing their information"", 'The CHV was cooperative,though she spoke from her memory. She did not have the booklet']",birth
woman_final.csv,using-a-decision-support-smartphone-application-to-enhance-community-health-volunteers-effectiveness-in-reducing-maternal-complications-in-the-informal-settlements-of-nairobi-All-2026-05-12_0807,q2_1xs,str,12,98.5,,,"['Herbal', 'Herbals', 'Emergency pills', 'Male sterelization', 'Taking cold walter']",pill
woman_final.csv,using-a-decision-support-smartphone-application-to-enhance-community-health-volunteers-effectiveness-in-reducing-maternal-complications-in-the-informal-settlements-of-nairobi-All-2026-05-12_0807,q2_4,str,11,68.9,,,"['Injections', 'Female Condom', 'Temperature', 'Pills', 'Implants']",plan
woman_final.csv,using-a-decision-support-smartphone-application-to-enhance-community-health-volunteers-effectiveness-in-reducing-maternal-complications-in-the-informal-settlements-of-nairobi-All-2026-05-12_0807,q2_4sp,str,4,99.6,,,"['mother is pregnant', 'Withdrawal', 'Injection', 'Herbal family planning pills (taken once per month)']",family
woman_final.csv,using-a-decision-support-smartphone-application-to-enhance-community-health-volunteers-effectiveness-in-reducing-maternal-complications-in-the-informal-settlements-of-nairobi-All-2026-05-12_0807,q2_5_2,str,55,84.9,,,"['Rural area', 'Chemist', 'Using male condom', 'St.Joseph', 'Buying from a shop(male condom)']",condom
woman_final.csv,using-a-decision-support-smartphone-application-to-enhance-community-health-volunteers-effectiveness-in-reducing-maternal-complications-in-the-informal-settlements-of-nairobi-All-2026-05-12_0807,q2_6,str,18,64.4,,,"['Currently Pregnant', 'Not Married', 'OTHER', 'Responded opposed', 'Health concerns']",preg
woman_final.csv,using-a-decision-support-smartphone-application-to-enhance-community-health-volunteers-effectiveness-in-reducing-maternal-complications-in-the-informal-settlements-of-nairobi-All-2026-05-12_0807,q2_6sp,str,135,85.5,,,"['To come after one month', 'She gave birth 2 days ago', 'Lactational amenueria', 'Has no husband', 'ToYoung one less than 2 weeks']",birth
woman_final.csv,using-a-decision-support-smartphone-application-to-enhance-community-health-volunteers-effectiveness-in-reducing-maternal-complications-in-the-informal-settlements-of-nairobi-All-2026-05-12_0807,q3_12_2,str,6,99.4,,,"['Shauri moyo edoup', 'Majengo', 'Family medical center laboratory', ""St.Mary's"", 'Clinic']",family
woman_final.csv,using-a-decision-support-smartphone-application-to-enhance-community-health-volunteers-effectiveness-in-reducing-maternal-complications-in-the-informal-settlements-of-nairobi-All-2026-05-12_0807,q4_1a_os,str,3,99.7,,,"['Mater hospital. Because other hospitals', 'Chemist', ""Respondent is a minor and doesn't have any plans.""]",plan
woman_final.csv,using-a-decision-support-smartphone-application-to-enhance-community-health-volunteers-effectiveness-in-reducing-maternal-complications-in-the-informal-settlements-of-nairobi-All-2026-05-12_0807,q4_3,str,5,45.0,,,"['Doctor \\\\ Clinical Officer', 'Nurse \\\\ Midwife', 'Traditional birth attendant', 'Other (Specify)', 'Relative/friend']",birth
woman_final.csv,using-a-decision-support-smartphone-application-to-enhance-community-health-volunteers-effectiveness-in-reducing-maternal-complications-in-the-informal-settlements-of-nairobi-All-2026-05-12_0807,q5_11_os_i,str,4,99.6,,,"['Bent feet', 'Enlarged nipples', 'Blurred vision(whitish substance surrounds the eye)', 'Child was heart the lips and inside the mouth']",side
woman_final.csv,using-a-decision-support-smartphone-application-to-enhance-community-health-volunteers-effectiveness-in-reducing-maternal-complications-in-the-informal-settlements-of-nairobi-All-2026-05-12_0807,q5_14_spy,str,8,99.2,,,"['The mother was dizzy', 'Was to taken to theartre to be sewn on the vaginal opening because of heavy bleeding experienced after birth', 'Breast milk was not available immediately after birth', 'The baby was taken to the nursery and she had to wait for time designated by the health facility as breastfeeding time which was one hour later', 'The mother was being thread because the bladder had broken']",birth
woman_final.csv,using-a-decision-support-smartphone-application-to-enhance-community-health-volunteers-effectiveness-in-reducing-maternal-complications-in-the-informal-settlements-of-nairobi-All-2026-05-12_0807,q5_30,str,4,97.3,,,"['Other (Specify)', 'Infection', 'Birth complication', 'Low birthweight']",birth
woman_final.csv,using-a-decision-support-smartphone-application-to-enhance-community-health-volunteers-effectiveness-in-reducing-maternal-complications-in-the-informal-settlements-of-nairobi-All-2026-05-12_0807,q5_14_spy_ii,str,7,99.3,,,"['She died the same day', 'The child was already dead when born', 'Baby born dead', 'Baby was born dead', 'Child died few minutes after birth']",birth
woman_final.csv,using-a-decision-support-smartphone-application-to-enhance-community-health-volunteers-effectiveness-in-reducing-maternal-complications-in-the-informal-settlements-of-nairobi-All-2026-05-12_0807,q5_19_spy,str,3,99.7,,,"['Mother said she is pregnant and that may affect the baby', 'Breast had boil so child stopped breastfeeding', 'Mother pregnant']",stop
woman_final.csv,using-a-decision-support-smartphone-application-to-enhance-community-health-volunteers-effectiveness-in-reducing-maternal-complications-in-the-informal-settlements-of-nairobi-All-2026-05-12_0807,q5_30_spy_ii,str,4,99.6,,,"['Swollen stomach', 'Pneumonia', 'She gave birth through Ceasection', 'Child had breathing difficulties']",birth
